{
  "experiment_name": "20251222_multicontextGRU_new",
  "paths": {
    "raw_data_dir": "merged_features_final",
    "processed_data_dir":"processed_data_full",
    "output_root": "experiments",
    "gate_dir":"processed_gate_data_new"
  },
  "gpu":1,
  "modeltype":"Multi_GRU",
  "model": {
    "input_dim": 409,
    "hidden_dim": 256,
    "num_layers": 2,
    "num_heads":8,
    "scale":[1,2,4,8],
    "dropout": 0.2
  },
  "training": {
    "seq_len": 32,
    "dilation": 1,
    "batch_size": 2048,
    "epochs": 10,
    "learning_rate": 1e-5,
    "loss_params":{
        "max_weight":4,
        "inflection":0.9,
        "temp":0.2,
        "threshold":0.5
    },
    "side": "buy"
  }
}