{
  "experiment_name": "20251223_sparseMOE_Topk4",
  "paths": {
    "raw_data_dir": "merged_features_final",
    "processed_data_dir":"processed_data_full",
    "output_root": "experiments",
    "gate_dir":"processed_gate_data"
  },
  "gpu":1,
  "modeltype":"sparseMOE",
  "model": {
    "input_dim": 409,
    "hidden_dim": 256,
    "num_layers": 2,
    "num_heads":8,
    "scale":[1,2,4,8],
    "dropout": 0.2,
    "gate_cols":["depth","rv_5","range","l5_imbalance","oi_change","trade_intensity","trend","spread","gate_session_decay","gate_open_impulse"],
    "topk":4
  },
  "training": {
    "seq_len": 32,
    "dilation": 1,
    "batch_size": 2048,
    "epochs": 10,
    "learning_rate": 1e-5,
    "loss_params":{
        "max_weight":4,
        "inflection":0.9,
        "temp":0.25,
        "threshold":0.5
    },
    "side": "buy"
  }
}