{
  "experiment_name": "20251218_sLSTM_sell_wccc_4_0.7_0.3",
  "paths": {
    "raw_data_dir": "merged_features_final",
    "processed_data_dir":"processed_data_full",
    "output_root": "experiments"
  },
  "gpu":1,
  "modeltype":"sLSTM",
  "model": {
    "input_dim": 409,
    "hidden_dim": 256,
    "num_layers": 2,
    "num_heads":8,
    "dropout": 0.2
  },
  "training": {
    "seq_len": 32,
    "dilation": 1,
    "batch_size": 1024,
    "epochs": 10,
    "learning_rate": 1e-5,
    "loss_params":{
        "max":4,
        "center":0.7,
        "temp":0.3,
        "threshold":0.5
    },
    "side": "sell"
  }
}