{
  "experiment_name": "20251219_mixerlight_124",
  "paths": {
    "raw_data_dir": "merged_features_final",
    "processed_data_dir":"processed_data_full",
    "output_root": "experiments"
  },
  "gpu":1,
  "modeltype":"sLSTM",
  "model": {
    "input_dim": 409,
    "hidden_dim": 256,
    "num_layers": 2,
    "num_heads":8,
    "dropout": 0.2,
    "scale":[1,2,4]
  },
  "training": {
    "seq_len": 32,
    "dilation": 1,
    "batch_size": 2048,
    "epochs": 10,
    "learning_rate": 1e-5,
    "loss_params":{
        "w_miss":5.0,
        "w_noise":1.0,
        "w_fp":10.0,
        "threshold":0.5
    },
    "side": "buy"
  }
}